post_id,user_id,like_date
P10,L16,24-06-2019
P52,L18,24-06-2019
P1,L11,25-06-2019
P3,L23,04-07-2019
P10,L20,07-07-2019
P7,L10,17-07-2019
P34,L18,19-07-2019
P51,L9,25-07-2019
P58,L11,28-07-2019
P25,L24,02-08-2019
P8,L6,06-08-2019
P18,L11,08-08-2019
P1,L19,15-08-2019
P28,L25,18-08-2019
P16,L20,19-08-2019
P23,L14,19-08-2019
P7,L8,26-08-2019
P20,L19,28-08-2019
P37,L25,04-09-2019
P2,L21,07-09-2019
P8,L25,12-09-2019
P32,L18,26-09-2019
P37,L6,28-09-2019
P2,L25,01-10-2019
P3,L12,09-10-2019
P56,L9,10-10-2019
P19,L7,11-10-2019
P29,L21,13-10-2019
P16,L22,20-10-2019
P44,L10,16-11-2019
P23,L11,23-11-2019
P55,L11,07-12-2019
P39,L18,10-12-2019
P57,L8,22-12-2019
P1,L15,29-12-2019
P25,L11,11-01-2020
P33,L15,15-01-2020
P21,L17,17-01-2020
P5,L18,03-02-2020
P42,L7,07-02-2020
P13,L11,09-02-2020
P25,L7,12-02-2020
P11,L12,13-02-2020
P32,L11,24-02-2020
P16,L10,28-02-2020
P17,L14,05-03-2020
P32,L19,15-03-2020
P36,L22,17-03-2020
P38,L13,17-03-2020
P59,L21,23-03-2020
P1,L18,27-03-2020
P1,L7,29-03-2020
P46,L6,15-04-2020
P13,L13,18-04-2020
P56,L7,29-04-2020
P8,L12,11-05-2020
P36,L14,20-05-2020
P4,L6,23-05-2020
P44,L20,24-05-2020
P3,L22,20-06-2020
P48,L25,09-07-2020
P31,L19,05-08-2020
P40,L19,08-08-2020
P51,L23,08-08-2020
P11,L7,23-08-2020
P5,L6,23-08-2020
P13,L6,26-08-2020
P55,L9,02-09-2020
P51,L24,03-09-2020
P41,L23,10-09-2020
P12,L24,14-09-2020
P43,L6,15-09-2020
P34,L21,22-09-2020
P6,L25,23-09-2020
P8,L15,09-10-2020
P52,L17,20-10-2020
P14,L11,24-10-2020
P57,L7,01-11-2020
P59,L12,08-11-2020
P57,L16,10-11-2020
P19,L14,24-12-2020
P29,L17,30-12-2020
P56,L20,08-01-2021
P22,L21,15-01-2021
P59,L11,15-01-2021
P47,L14,20-01-2021
P33,L6,22-01-2021
P5,L22,03-02-2021
P50,L21,09-02-2021
P14,L13,10-02-2021
P10,L19,17-02-2021
P1,L16,26-02-2021
P9,L20,07-03-2021
P35,L10,11-03-2021
P15,L25,16-03-2021
P36,L15,22-03-2021
P43,L9,22-03-2021
P13,L12,27-03-2021
P11,L24,14-04-2021
P8,L10,19-04-2021
P34,L7,23-04-2021
P9,L13,25-04-2021
P40,L18,26-04-2021
P22,L14,27-04-2021
P46,L8,01-05-2021
P17,L13,06-05-2021
P49,L10,08-05-2021
P30,L20,23-05-2021
P8,L19,04-06-2021
P5,L19,07-06-2021
P12,L19,09-06-2021
P23,L22,11-06-2021
P55,L12,16-06-2021
P40,L21,27-06-2021
P26,L13,01-07-2021
P38,L16,31-07-2021
P24,L6,04-08-2021
P58,L13,04-08-2021
P41,L25,09-08-2021
P27,L10,27-08-2021
P6,L24,29-08-2021
P50,L9,01-09-2021
P32,L22,03-09-2021
P7,L17,13-09-2021
P31,L15,23-09-2021
P35,L8,27-09-2021
P48,L11,03-10-2021
P42,L13,05-10-2021
P49,L13,06-10-2021
P47,L7,11-10-2021
P36,L24,29-10-2021
P27,L20,18-11-2021
P39,L9,23-11-2021
P8,L17,14-12-2021
P54,L18,18-12-2021
P3,L21,19-12-2021
P6,L16,20-12-2021
P10,L10,21-01-2022
P8,L7,23-01-2022
P33,L22,30-01-2022
P54,L9,30-01-2022
P6,L17,07-02-2022
P3,L25,08-02-2022
P22,L24,09-02-2022
P33,L18,14-02-2022
P40,L8,27-02-2022
P28,L13,07-03-2022
P38,L11,07-03-2022
P25,L13,21-03-2022
P26,L15,24-03-2022
P39,L24,26-03-2022
P12,L6,30-03-2022
P50,L14,04-04-2022
P33,L23,05-04-2022
P13,L24,06-04-2022
P4,L8,29-04-2022
P35,L18,02-05-2022
P19,L20,08-05-2022
P31,L6,14-05-2022
P38,L25,29-06-2022
P17,L8,05-07-2022
P3,L16,13-07-2022
P5,L20,14-07-2022
P13,L21,16-07-2022
P58,L23,25-07-2022
P24,L10,26-07-2022
P7,L21,07-08-2022
P50,L15,11-08-2022
P38,L14,13-08-2022
P44,L21,20-08-2022
P56,L22,30-08-2022
P31,L24,06-09-2022
P56,L23,22-09-2022
P15,L22,24-09-2022
P4,L14,26-09-2022
P41,L9,30-09-2022
P18,L15,03-10-2022
P27,L23,08-10-2022
P40,L15,10-10-2022
P30,L14,23-10-2022
P5,L10,23-10-2022
P50,L25,28-10-2022
P35,L7,31-10-2022
