order_id,post_id,quantity,price
O1,P1,4,4532
O1,P2,4,9485
O2,P12,7,9276
O3,P12,9,9276
O4,P55,9,500
O4,P45,1,2079
O5,P6,7,8246
O5,P4,9,4729
O5,P2,4,9485
O6,P3,5,2779
O6,P15,2,9194
O7,P39,6,6083
O8,P12,5,9276
O9,P56,6,4568
O9,P24,5,6725
O9,P39,2,6083
O10,P45,7,2079
O10,P47,8,397
O11,P1,3,4532
O12,P40,4,1440
O13,P35,3,1051
O13,P23,2,855
O13,P12,9,9276
O14,P6,7,8346
O15,P3,5,2779
O16,P15,2,9194
O17,P40,2,1440
O18,P46,1,8905
O19,P35,3,1051
O20,P12,9,9276
O20,P40,2,1440
O21,P45,1,2079
O22,P4,9,4729
O22,P2,4,9485
O22,P1,5,4532
